{
  "version": 1,
  "width": 78,
  "height": 38,
  "duration": 137.97262,
  "command": null,
  "title": null,
  "env": {
    "TERM": "xterm-256color",
    "SHELL": "/bin/bash"
  },
  "stdout": [
    [
      0.101056,
      "\u001b]777;notify;Command completed;sudo su -\u0007\u001b]0;dblack@dblack:~/git/dustinblack/gluster-colonizer/resources/demo\u0007\u001b]7;file://dblack/home/dblack/git/dustinblack/gluster-colonizer/resources/demo\u0007"
    ],
    [
      0.000274,
      "[dblack@dblack demo]$ "
    ],
    [
      0.495572,
      "s"
    ],
    [
      0.159971,
      "s"
    ],
    [
      0.072038,
      "h"
    ],
    [
      0.079863,
      " "
    ],
    [
      0.144103,
      "r"
    ],
    [
      0.055976,
      "o"
    ],
    [
      0.120034,
      "o"
    ],
    [
      0.311926,
      "t"
    ],
    [
      0.704116,
      "@"
    ],
    [
      2.672035,
      "1"
    ],
    [
      0.09603,
      "9"
    ],
    [
      0.111995,
      "2"
    ],
    [
      0.127839,
      "."
    ],
    [
      0.120284,
      "1"
    ],
    [
      0.327604,
      "6"
    ],
    [
      0.112223,
      "8"
    ],
    [
      0.239889,
      "."
    ],
    [
      0.392098,
      "1"
    ],
    [
      0.271952,
      "2"
    ],
    [
      0.552158,
      "4"
    ],
    [
      0.111902,
      "."
    ],
    [
      0.096037,
      "4"
    ],
    [
      0.167941,
      "0"
    ],
    [
      0.272146,
      "\r\n"
    ],
    [
      0.082881,
      "root@192.168.124.40's password: "
    ],
    [
      1.693045,
      "\r\n"
    ],
    [
      0.200901,
      "Last login: Tue May  1 16:11:37 2018\r\r\n"
    ],
    [
      0.215685,
      "\u001b]0;root@g1-fresh:~\u0007\u001b[?1034h[root@g1-fresh ~]# "
    ],
    [
      1.743871,
      "g"
    ],
    [
      0.175709,
      "l"
    ],
    [
      0.072534,
      "u"
    ],
    [
      0.06378,
      "s"
    ],
    [
      0.096011,
      "t"
    ],
    [
      0.137131,
      "\u0007er"
    ],
    [
      0.382911,
      "-"
    ],
    [
      0.143948,
      "c"
    ],
    [
      0.128464,
      "olonizer.py "
    ],
    [
      0.44759,
      "f"
    ],
    [
      0.488016,
      "\b\u001b[K"
    ],
    [
      0.43999,
      "-"
    ],
    [
      0.15196,
      "f"
    ],
    [
      0.120024,
      " "
    ],
    [
      0.136081,
      "o"
    ],
    [
      0.071898,
      "e"
    ],
    [
      0.145113,
      "\u0007"
    ],
    [
      0.182783,
      "g"
    ],
    [
      0.146801,
      "\u0007"
    ],
    [
      0.357289,
      "\b\u001b[K"
    ],
    [
      1.474736,
      "\u0007"
    ],
    [
      0.693244,
      "\b\u001b[K"
    ],
    [
      0.13578,
      "\b\u001b[K"
    ],
    [
      0.568312,
      "/"
    ],
    [
      0.167846,
      "u"
    ],
    [
      0.056242,
      "s"
    ],
    [
      0.055774,
      "r"
    ],
    [
      0.088141,
      "/"
    ],
    [
      0.12813,
      "s"
    ],
    [
      0.079751,
      "h"
    ],
    [
      0.040144,
      "a"
    ],
    [
      0.080073,
      "r"
    ],
    [
      0.063977,
      "e"
    ],
    [
      0.071862,
      "/"
    ],
    [
      0.136131,
      "g"
    ],
    [
      0.080029,
      "l"
    ],
    [
      0.071906,
      "u"
    ],
    [
      0.043888,
      "\u0007ster"
    ],
    [
      0.627943,
      "-"
    ],
    [
      0.128134,
      "c"
    ],
    [
      0.123219,
      "olonizer/"
    ],
    [
      0.300618,
      "o"
    ],
    [
      0.170115,
      "emid/ \r"
    ],
    [
      0.294172,
      "g"
    ],
    [
      0.156079,
      "\u00071-id-kvm-"
    ],
    [
      0.659863,
      "n"
    ],
    [
      0.099408,
      "as.yml "
    ],
    [
      0.724941,
      "\r\n"
    ],
    [
      0.123999,
      "    ____  __  _______    ____\r\n   / __ \\/ / / / ___/   / __ \\____  ___\r\n  / /_/ / /_/ /\\__ \\   / / / / __ \\/ _ \\\r\n / _, _/ __  /___/ /  / /_/ / / / /  __/\r\n/_/ |_/_/ /_//____/   \\____/_/ /_/\\___/\r\n\r\n\r\r\nWelcome to the \u001b[31mRed Hat Storage One Gluster\u001b[0m deployment tool!\r\r\n\r\nThis node will be configured as the deployment master for your\r\nGluster storage pool. Before proceeding, please ensure that\r\nall RHS One Gluster nodes are connected to the management\r\nnetwork infrastructure and are booted.\r\r\n\r\nDo you wish to continue? [Y/n] "
    ],
    [
      1.6516,
      "y"
    ],
    [
      1.112549,
      "\r\n\r\r\n\r\nBegin RHS One Gluster inventory phase\r\n\r\r\n\r\nYour deployment node type is \t\u001b[31mKVM-node\u001b[0m\r\nYour deployment flavor is \t\u001b[31mNAS\u001b[0m\r\n\r\r\nHow many RHS One Gluster nodes are you deploying?\r\n\r\r\n   Number of nodes (valid range is 4-24): "
    ],
    [
      3.0,
      "4"
    ],
    [
      0.375896,
      "\r\n"
    ],
    [
      7.4e-05,
      "\r\r\nPlease choose the client access method you will use for the\r\ndefault storage volume. This applies only to the volume that is\r\nautomatically created during deployment, and the method can be\r\nchanged manually post-install.\r\r\n\r\n    1. NFS\r\n    2. Gluster Native Client (FUSE)\r\n    3. SMB\r\r\n\r\nClient method? [1] "
    ],
    [
      1.184027,
      "1"
    ],
    [
      0.303935,
      "\r\n"
    ],
    [
      0.000289,
      "NFS Client selected\r\n\r\r\nWe will now configure the Gluster nodes for your storage network.\r\nPlease ensure that all cabling and switch configuration is complete\r\nbefore proceeding.\r\n\r\r\nBe prepared to provide network information for all nodes in\r\nyour Gluster deployment, including:\r\r\n\r\n   * hostnames\r\n   * IP addresses\r\n   * VIP addresses for HA\r\n   * subnet mask\r\n   * default gateway\r\n   * DNS servers\r\n   * NTP servers\r\n\r\r\n\r\nDo you wish to continue? [Y/n] "
    ],
    [
      0.863785,
      "\r\n"
    ],
    [
      0.000266,
      "\r\r\n\r\n\r\r\nAll nodes are expected to be on the same storage subnet, so we\r\nwill first collect all shared network information.\r\r\n\r\n   Storage network domain name: "
    ],
    [
      0.919794,
      "e"
    ],
    [
      0.199943,
      "x"
    ],
    [
      0.119888,
      "a"
    ],
    [
      0.096044,
      "m"
    ],
    [
      0.09613,
      "p"
    ],
    [
      0.200008,
      "l"
    ],
    [
      0.087843,
      "e"
    ],
    [
      0.104119,
      "."
    ],
    [
      0.135947,
      "c"
    ],
    [
      0.064172,
      "o"
    ],
    [
      0.05593,
      "m"
    ],
    [
      0.216097,
      "\r\n   Storage network and CIDR mask (eg, 10.10.10.0/24): "
    ],
    [
      0.14382,
      "1"
    ],
    [
      0.135982,
      "0"
    ],
    [
      0.232053,
      "."
    ],
    [
      0.159964,
      "1"
    ],
    [
      0.168014,
      "1"
    ],
    [
      0.071985,
      "."
    ],
    [
      0.13607,
      "1"
    ],
    [
      0.087956,
      "2"
    ],
    [
      0.024178,
      "."
    ],
    [
      0.239821,
      "0"
    ],
    [
      0.592051,
      "/"
    ],
    [
      0.095932,
      "2"
    ],
    [
      0.168301,
      "4"
    ],
    [
      0.408326,
      "\r\n\r\r\nGateway and DNS fields may be left blank for now, if you prefer.\r\r\n\r\n   Gateway IP address: "
    ],
    [
      1.439337,
      "\r\n"
    ],
    [
      8.1e-05,
      "\r\r\nNTP will be configured for time synchronization. You may enter\r\nup to four NTP servers below. If you would prefer to use the RHEL\r\npublic NTP servers, simply press Enter at the first prompt and the\r\ndefault servers will be applied.\r\r\n\r\nNOTE: Using the default public NTP servers requires that all of the\r\n      RHS One Gluster nodes have access to the Internet.\r\r\n\r\n   NTP Server 1 (press Enter to accept defaults): "
    ],
    [
      0.944043,
      "\r\n"
    ],
    [
      0.000803,
